<?xml version="1.0" encoding="UTF-8" standalone="yes"?>
<addon id="plugin.video.joker_tv" name="Joker TV" version="0.0.1" provider-name="FTAMTY">
    <requires>
    </requires>
    <extension point="xbmc.python.pluginsource"
               library="default.py">
        <provides>video</provides>
    </extension>
    <extension point="xbmc.addon.metadata">
        <platform>all</platform>
        <summary>Disfruten de Joker TV</summary>
        <description>Why so serious?</description>
    </extension>
</addon>